Temperature,Sunlight_Intensity,Humidity,Panel_Orientation,Panel_Position,Current_Generated
17.561283871238924,-912.6769426752602,59.71937147817927,North-South,Tilted,-182.53538853505205
33.85294770848031,-1145.9669624519377,38.322355002445576,North-South,Flat,-229.19339249038754
35.93441938967933,-869.801442810218,56.83117920780936,East-West,Flat,-173.96028856204362
32.74333356601744,-475.51793119417823,83.500904550063,East-West,Tilted,-95.10358623883565
29.114641668041436,445.1894872796509,78.26004402755152,East-West,Tilted,89.03789745593019
34.6790097851913,-228.48152739639661,40.880848819176514,North-South,Flat,-45.696305479279324
17.268713439516418,-267.67180300905756,37.72490373706873,East-West,Flat,-53.534360601811514
31.668926131757583,256.9886331040497,50.560840870396,North-South,Flat,51.39772662080995
37.73903685510514,957.6618160381851,79.64736790550015,East-West,Tilted,191.53236320763702
36.15722534155471,10.144727897977228,74.68505616814961,North-South,Flat,2.0289455795954456
27.103920957539227,322.0040706179223,56.38811017894545,North-South,Tilted,64.40081412358447
29.48930037390687,-363.49569422880234,11.740906568462508,East-West,Flat,-72.69913884576047
31.7601532398555,503.7206971973432,50.72944289608426,East-West,Tilted,100.74413943946865
20.713340745502972,1308.0976358502014,70.85231725132978,North-South,Flat,261.61952717004027
37.68092408767993,392.62459115050996,45.939137761115994,North-South,Flat,78.524918230102
21.40204924459281,-29.276629559582894,15.079373009997372,East-West,Tilted,-5.855325911916579
14.36282647347458,1152.5512880224294,85.9958875779294,North-South,Flat,230.5102576044859
26.52737191489899,285.54820698621205,71.70688605935729,East-West,Flat,57.10964139724241
12.956906847593448,893.7851599064155,24.05937420920555,East-West,Flat,178.75703198128312
33.17068872633949,-846.8993944579412,82.61957489922193,North-South,Tilted,-169.37987889158825
38.848781382729534,-1.6663584456355418e-13,38.61047882984508,North-South,Tilted,-3.332716891271084e-14
17.445034561891283,-578.3005307844824,10.857953406299963,East-West,Tilted,-115.66010615689648
13.481711208999632,-50.70860987157071,78.64055711480007,East-West,Tilted,-10.141721974314143
30.15750034665442,347.535834653132,32.36456879698896,North-South,Flat,69.5071669306264
33.5255310082935,1263.5252897753826,69.31803008411283,North-South,Flat,252.70505795507654
22.50558274765616,-30.43117759211353,33.898071499078966,East-West,Flat,-6.086235518422707
28.20417860486636,-6.822917084232821e-14,86.49990642730346,East-West,Flat,-1.3645834168465641e-14
37.49857881075654,-958.4448840115987,10.01872634765185,East-West,Tilted,-191.68897680231976
12.194531182991618,-725.211700104925,26.78354857716858,North-South,Flat,-145.042340020985
29.867097845981313,-363.4956942288027,49.47445219306593,North-South,Flat,-72.69913884576054
12.180349856363396,315.5618271887206,42.57275228102566,East-West,Tilted,63.112365437744124
13.955806174289513,-624.4156575334171,22.964247706149877,East-West,Tilted,-124.88313150668341
19.489371372300404,351.85809715175486,47.24024918439102,East-West,Flat,70.37161943035098
18.293346949259224,-824.4239536369103,40.706525068434196,North-South,Tilted,-164.88479072738207
22.90618814957194,-622.0640959601193,10.713812761761288,North-South,Tilted,-124.41281919202386
22.657400083182637,231.81058128262777,85.67974155585401,North-South,Tilted,46.36211625652555
36.602275900905845,346.62126144993897,52.87894078848612,East-West,Flat,69.3242522899878
39.212866825890856,817.7582375097937,43.722105936704565,North-South,Flat,163.55164750195877
26.454668928869857,-1314.6128758046518,34.969604406801935,North-South,Tilted,-262.92257516093036
12.917708316535297,1085.5125471247136,42.48961483144687,East-West,Tilted,217.10250942494272
33.838490194359,-552.1825538905197,54.96778765562124,North-South,Tilted,-110.43651077810394
10.949086242265398,-305.0200670543494,86.93057935489921,East-West,Flat,-61.00401341086988
33.26302588422022,-213.57112336827427,46.046469645815016,North-South,Flat,-42.714224673654854
33.081965997521785,1314.3720551482575,41.787508131131204,North-South,Tilted,262.8744110296515
23.198118730046808,-274.86133624444335,56.833148614923125,North-South,Flat,-54.97226724888867
18.841870701860696,830.6641001976279,31.584849074907638,East-West,Flat,166.1328200395256
32.117050453046005,667.77905301983,18.930999950720206,North-South,Tilted,133.55581060396602
34.33209586932951,-1165.3152965485735,54.10519240139031,East-West,Flat,-233.06305930971473
27.869355198381545,-941.0541860141603,46.81247345108493,East-West,Flat,-188.21083720283207
20.60313184313862,-945.9413152564782,17.284058001247253,North-South,Flat,-189.18826305129565
16.269915666627607,-289.3673506328834,54.76114051251548,North-South,Tilted,-57.873470126576684
33.1453617333304,634.1254845965377,65.44047246484536,North-South,Flat,126.82509691930755
27.515624094316216,239.80428545373098,26.550207665326965,East-West,Tilted,47.9608570907462
23.207122039833816,-2.855018706040544e-14,31.205028245423605,North-South,Tilted,-5.710037412081088e-15
23.587514017714625,984.8795361207366,24.008054410835385,North-South,Tilted,196.97590722414733
29.68034142113862,315.5618271887212,32.53877796591014,North-South,Tilted,63.112365437744245
14.985354578661447,-989.4746654610528,46.99288097246142,North-South,Flat,-197.89493309221058
31.763324539883733,-87.61313475648113,14.38480413715884,East-West,Tilted,-17.52262695129623
15.456405645411017,-741.0979403075918,38.746504969002956,East-West,Tilted,-148.21958806151835
27.26244932071799,-985.2724058530732,34.76326484517433,North-South,Flat,-197.05448117061465
13.575024388081058,1192.3830786248861,51.880102304713844,North-South,Tilted,238.47661572497725
38.2209092235319,901.6286834135793,64.45522642765354,North-South,Tilted,180.32573668271587
23.64105823753971,-351.98853480345144,23.493702356836003,North-South,Tilted,-70.39770696069029
23.480890251942423,-349.72370204142703,34.066404298939446,North-South,Tilted,-69.94474040828541
39.18606253359568,-231.81058128262777,14.280437679009843,North-South,Flat,-46.36211625652555
12.205946420471896,1253.7329274782523,26.492708576809303,East-West,Flat,250.7465854956505
13.689897975949473,313.4460171838632,82.64660760776637,East-West,Flat,62.689203436772644
16.93307409984419,-0.0,77.38919745516169,North-South,Tilted,-0.0
38.250129012206834,-1.6599423037555375e-13,84.42688614510425,East-West,Flat,-3.319884607511075e-14
10.12964126807127,-510.0955285669766,47.177366198144284,East-West,Flat,-102.01910571339533
17.24174165646567,-680.4432862145488,34.37101935568119,North-South,Flat,-136.08865724290976
14.61455177893177,-578.4254626985629,76.14192684553352,East-West,Flat,-115.68509253971258
13.088578224530313,962.3634173732396,15.458639922271393,East-West,Tilted,192.47268347464794
31.809914877741637,1266.602517674457,30.179751368469425,East-West,Tilted,253.3205035348914
35.10261735298914,617.8956898480299,23.56387287934418,North-South,Tilted,123.57913796960598
23.77117785424441,-538.149597653618,64.21409882640056,East-West,Flat,-107.62991953072361
28.63119661568853,1235.5583167693844,38.531982101134204,North-South,Flat,247.1116633538769
27.496324838195964,-1234.4457992243874,49.837490779381916,North-South,Flat,-246.8891598448775
29.079237313545278,-27.259597830968413,27.16075120702473,North-South,Flat,-5.451919566193683
18.59148331253973,1086.3459294675831,41.48050021801663,North-South,Tilted,217.26918589351664
39.97714284699261,992.9278311117095,38.01240699340143,North-South,Flat,198.5855662223419
12.783997564742883,-259.0526469561572,74.24451634660115,North-South,Flat,-51.81052939123145
25.25725284734922,-48.35682092794576,71.12278931879536,North-South,Tilted,-9.671364185589153
20.234641584838172,70.1607051129794,52.212594528832824,North-South,Flat,14.03214102259588
30.1185607450574,24.84695245756448,76.95555526174685,East-West,Tilted,4.969390491512897
22.018093484167807,781.0027344495444,66.61029505214798,North-South,Tilted,156.20054688990888
26.71734226027237,-1.2639018791153678e-13,53.610352076476,East-West,Flat,-2.527803758230736e-14
39.34298436684654,-1257.9596729048,33.27092088810208,North-South,Tilted,-251.59193458096001
18.037664987789135,-30.281334212574198,70.35730408976161,North-South,Flat,-6.05626684251484
26.75115661993845,-388.26079092061286,40.967408505961195,North-South,Flat,-77.65215818412258
30.57716308853032,-482.3812514956822,51.942156614412134,East-West,Tilted,-96.47625029913644
35.892242429733706,-926.0145095826897,60.28270206800531,East-West,Tilted,-185.20290191653794
36.11957399691575,-667.7790530198298,23.27780680379543,East-West,Tilted,-133.55581060396597
26.478319200279834,-716.7867385492087,82.59316450872899,North-South,Flat,-143.35734770984175
17.026207373799267,363.49569422880217,44.5196958385522,North-South,Flat,72.69913884576043
11.095699233875774,470.3783575448683,37.48062707412178,East-West,Tilted,94.07567150897367
38.895587038643185,-546.3684286354501,11.098738439973586,East-West,Flat,-109.27368572709003
11.122744968857623,-15.154698612862957,26.035760108822323,East-West,Flat,-3.0309397225725916
36.70266543585118,305.0200670543493,89.41571901506077,North-South,Tilted,61.00401341086986
22.183788822380922,-541.8024388040697,73.61825092305033,North-South,Tilted,-108.36048776081394
38.674714442715484,0.0,36.82193039665946,East-West,Flat,0.0
24.452329102868873,1294.2139401573622,41.851004103750775,North-South,Tilted,258.8427880314725
17.72238380552284,-52.66149911837155,40.826633814840264,North-South,Tilted,-10.532299823674311
39.428109637933936,-92.87688708496835,13.941012867290699,North-South,Tilted,-18.57537741699367
29.40824444952603,1124.0661914264501,32.115193697315775,East-West,Tilted,224.81323828529003
16.635949096243696,599.3463595571483,47.58894586296468,North-South,Tilted,119.86927191142966
28.189469175116706,-585.5813027539115,65.5685864159815,North-South,Tilted,-117.1162605507823
32.73496689131568,-555.6541440089463,33.18828247528191,East-West,Tilted,-111.13082880178928
32.05782493600023,312.8206077536422,33.7315958895683,East-West,Tilted,62.564121550728444
24.081947458515568,0.0,47.266212613942066,East-West,Tilted,0.0
16.6486115558752,619.3980911355694,87.62493386833651,North-South,Flat,123.8796182271139
17.361360264209406,-197.11683998195772,86.02652854183022,North-South,Tilted,-39.42336799639155
29.568593767387416,-366.1125192318127,79.27083954544769,North-South,Flat,-73.22250384636254
19.196485607486338,-722.323595548391,39.799973803288786,North-South,Flat,-144.4647191096782
11.320359789549224,-742.0722368538256,34.2824107793976,North-South,Flat,-148.41444737076515
21.786707469469043,-808.8685477322445,11.689701645033743,North-South,Flat,-161.7737095464489
25.36583999111734,-336.19718763455325,37.178009690163705,North-South,Tilted,-67.23943752691065
39.87907598957872,366.1125192318128,70.46479381351713,East-West,Tilted,73.22250384636257
32.839161843339724,1001.6459013627733,70.81470262034753,East-West,Tilted,200.32918027255468
25.536995199617213,-1104.5046593090185,87.41056896706337,North-South,Tilted,-220.9009318618037
17.54712927429771,-996.887811067494,34.71186766235598,North-South,Flat,-199.3775622134988
39.84751037109281,1253.732927478252,49.58231713470771,North-South,Tilted,250.74658549565038
28.929461962008105,416.4912550214577,33.62826272296559,North-South,Tilted,83.29825100429154
28.233321601835442,173.76791732656523,52.77006642947931,North-South,Tilted,34.75358346531305
15.301773509751921,1004.2271054629233,46.72768866167524,North-South,Tilted,200.84542109258467
28.842606219182855,-27.259597830968442,23.61661009047417,North-South,Flat,-5.451919566193689
31.857041885983534,-20.288704256581283,55.250816475400825,North-South,Tilted,-4.0577408513162565
17.37465129148574,-625.5505834978229,19.97852663299632,East-West,Tilted,-125.11011669956459
29.310924270304646,1294.2139401573622,12.28408147862063,East-West,Flat,258.8427880314725
37.61307659845817,-1083.6048776081395,23.374706092322413,North-South,Tilted,-216.7209755216279
11.039977002954288,216.7356741477899,13.166098768526195,East-West,Flat,43.34713482955798
27.15622461498781,634.125484596537,84.80923336422136,North-South,Tilted,126.82509691930741
18.828826766064704,1.3526280956661273e-13,70.66028259806049,North-South,Flat,2.7052561913322546e-14
30.99789865333552,351.0758094383656,48.66762424037536,East-West,Tilted,70.21516188767312
38.02684221720922,-324.4146414942293,42.52470651202869,East-West,Flat,-64.88292829884585
38.56799018064419,-1275.270331359246,42.9024961507956,East-West,Flat,-255.05406627184922
20.618880762327155,-548.8096034714034,72.56252933198296,East-West,Flat,-109.76192069428069
35.09411670365293,-883.0570914418724,63.230494363973065,East-West,Flat,-176.6114182883745
21.66938080418052,23.423906709278473,16.594829931387267,East-West,Tilted,4.684781341855695
15.88696739801101,678.6796442000997,57.36509908321607,North-South,Flat,135.73592884001994
28.753196467824157,-464.9514896511703,70.82443798694614,North-South,Tilted,-92.99029793023406
15.701000785180963,351.1804570862878,51.98812013285608,East-West,Tilted,70.23609141725755
26.486946668629827,317.0136082949752,60.51054261332787,North-South,Tilted,63.40272165899504
13.811097173851376,-318.20953884402036,70.09322434498193,East-West,Tilted,-63.641907768804074
26.752259857677355,475.9813915586458,25.63629658601796,East-West,Tilted,95.19627831172916
15.943784648980458,-0.0,76.4859785538894,North-South,Tilted,-0.0
14.241322015295154,-1301.435598991584,68.78371417614818,North-South,Tilted,-260.2871197983168
20.99656459052628,-628.9798364523999,62.66473408400089,East-West,Flat,-125.79596729048
37.36798869156624,-1313.1522956248537,22.312582168838073,North-South,Tilted,-262.63045912497074
20.179467136769027,1111.1855839297307,89.76383647345018,North-South,Tilted,222.23711678594614
19.255210533482483,4.532847071786955e-14,29.861129132488724,East-West,Tilted,9.06569414357391e-15
18.431955477379965,340.0228700868196,21.36522357466557,North-South,Flat,68.00457401736392
32.03094109410172,248.54374611899135,37.05119008962364,East-West,Tilted,49.70874922379827
29.02344822226813,-357.52300633180135,20.61563990978133,North-South,Flat,-71.50460126636027
25.078783273380697,-1100.6771246611886,12.130633743038075,East-West,Tilted,-220.13542493223773
34.654859791291564,-246.38609849955552,31.796943111920317,North-South,Flat,-49.27721969991111
19.894409804103496,171.84776521059828,20.93838632994509,North-South,Tilted,34.369553042119655
30.350256898805764,-328.94670424922697,53.742697121550975,East-West,Flat,-65.7893408498454
12.068314307614857,-648.979918207018,57.17173709202949,East-West,Flat,-129.7959836414036
16.69534587642779,514.0605406425959,40.18268110518339,East-West,Flat,102.81210812851918
10.479823009730637,1053.4893602726543,53.21286200652636,North-South,Tilted,210.69787205453088
11.269783558291333,935.5396531426469,17.805955274994716,East-West,Flat,187.1079306285294
11.726520001073164,233.06259417642326,16.228596958971284,North-South,Tilted,46.612518835284654
25.832531563061323,-545.3262205028678,45.652629984163156,North-South,Tilted,-109.06524410057358
30.05897418981471,-0.0,41.84392290528009,East-West,Tilted,-0.0
15.732699702971468,-291.0855145016763,36.1458140073897,East-West,Tilted,-58.21710290033526
18.182567711108682,-113.0114778023006,88.92388339869198,East-West,Flat,-22.60229556046012
39.045780040203184,-291.74358003584143,10.007946777309167,North-South,Flat,-58.34871600716829
11.958258108370888,-211.88378721629476,71.2530728558703,East-West,Tilted,-42.37675744325895
29.38079403447324,9.207684058271065e-14,63.03312807323277,North-South,Flat,1.8415368116542132e-14
26.52279060457404,0.0,52.74340274733271,East-West,Flat,0.0
21.977795551783665,-666.6271171647556,89.22264527301711,North-South,Tilted,-133.32542343295114
37.85953871332461,101.61872176534294,66.485105962684,East-West,Flat,20.32374435306859
23.705804026200113,924.9647087637687,57.19912955517624,East-West,Flat,184.99294175275375
24.571861533624016,340.36811347949197,38.188165996876016,East-West,Flat,68.0736226958984
12.097798615908196,961.935682283182,38.620583863955396,East-West,Tilted,192.38713645663643
38.39940092959763,1.6632727333973709e-13,49.099513898729164,North-South,Tilted,3.326545466794742e-14
38.90981138933076,-158.02850698565695,18.17956216926372,East-West,Tilted,-31.60570139713139
14.123791864822753,210.01430492408667,55.67451606720656,East-West,Flat,42.00286098481734
20.818483820334418,81.09470790529937,37.153553816241796,East-West,Flat,16.218941581059877
35.294046897662724,-1051.3432463064476,22.23898038766759,East-West,Tilted,-210.2686492612895
21.63579328276945,973.9911146502411,81.28925890265211,East-West,Tilted,194.79822293004824
34.697481021458245,1275.0955123080823,83.850532753132,North-South,Flat,255.01910246161648
13.210445173624723,-346.2385518731356,89.26065555266797,East-West,Tilted,-69.24771037462712
39.74194988891314,1165.3152965485738,27.59711039435806,East-West,Flat,233.06305930971476
18.914528968447883,-677.722876878155,48.69188497839901,East-West,Tilted,-135.544575375631
34.42617757536749,-790.9100639452372,67.01828774108807,East-West,Tilted,-158.18201278904746
23.53546500303606,470.378357544868,44.29487565826798,East-West,Flat,94.0756715089736
15.18169674065412,-1235.5583167693844,20.902851809347602,North-South,Flat,-247.1116633538769
32.392862034283986,0.0,54.128789701516936,East-West,Tilted,0.0
13.85995237846991,838.801603301391,13.30570495216251,East-West,Flat,167.7603206602782
14.515146852402797,545.3262205028673,45.242843355854596,East-West,Tilted,109.06524410057347
16.91429776125051,1138.2795897827523,48.8872220035761,North-South,Flat,227.65591795655047
23.190889343111127,300.9373083791914,59.59974565221102,East-West,Flat,60.18746167583828
15.339722717487323,320.62404497206427,36.36909320463964,North-South,Tilted,64.12480899441286
35.250998712924456,-422.34914493068965,81.71971737096258,East-West,Flat,-84.46982898613794
14.754897606438083,799.9189355430295,18.58050736570639,North-South,Flat,159.98378710860592
33.12437571003497,-443.7160586131017,87.08164105365674,North-South,Flat,-88.74321172262034
32.18904399337405,944.5327206104752,60.423043300665505,North-South,Flat,188.90654412209506
21.995531747287114,912.6769426752603,55.49869172752504,North-South,Tilted,182.53538853505208
25.649000403123036,-197.38689526691635,29.678360832283683,East-West,Flat,-39.477379053383274
18.55713640819667,-280.4575796909725,73.86415142320537,North-South,Tilted,-56.091515938194505
14.634490471813166,467.5394080957055,68.32604917363635,East-West,Flat,93.5078816191411
30.74374570335216,-237.72731119223846,13.407585639086674,East-West,Tilted,-47.5454622384477
27.954015689845104,-992.9278311117095,81.58305859963023,East-West,Flat,-198.5855662223419
11.659533024478822,-181.1441771685336,53.42294508363362,North-South,Tilted,-36.22883543370672
39.31060549221515,305.56386076834895,67.01839452371894,East-West,Tilted,61.112772153669795
35.08155636138965,254.90558107978347,24.464418764852958,East-West,Flat,50.981116215956696
23.67578879503916,333.0888998569968,74.95785163361971,North-South,Flat,66.61777997139937
17.26263231736629,-962.4212088596878,36.35659189570019,North-South,Tilted,-192.48424177193758
18.745870093565426,787.4205380304314,64.1358797218825,East-West,Flat,157.4841076060863
16.37110413856435,962.1495419060747,17.95693033180095,East-West,Tilted,192.42990838121494
35.41419807702148,-953.8207502631957,69.2412577992288,East-West,Tilted,-190.76415005263914
11.91054093381031,-165.96721831315472,56.974615057160456,North-South,Tilted,-33.19344366263095
12.687406491629444,-464.9514896511703,73.65892501816705,East-West,Tilted,-92.99029793023406
25.60258231109956,-1156.6272480605767,47.363258298011,North-South,Tilted,-231.32544961211534
28.484640992846725,-579.1170287174363,73.25021289364425,North-South,Tilted,-115.82340574348726
21.451596699446533,880.4265500576981,48.98016159195969,East-West,Flat,176.08531001153963
16.723599912526232,214.33763278911874,29.7166555635664,North-South,Flat,42.86752655782375
14.207676087690611,984.8795361207366,21.135165026577543,North-South,Flat,196.97590722414733
22.81829973813557,-139.5736121605954,67.76917752809919,East-West,Flat,-27.914722432119078
14.182894330861547,139.57361216059553,20.88697122935182,East-West,Flat,27.914722432119106
18.646931544497917,105.00715246204317,56.57032015346417,East-West,Tilted,21.001430492408634
16.640712019134725,-130.2364760261671,85.81774630813032,East-West,Tilted,-26.047295205233425
37.82999379587005,1165.315296548574,11.812890060065344,North-South,Flat,233.06305930971482
38.1287209833174,958.4448840115981,57.66449279108287,North-South,Tilted,191.68897680231964
35.27037357692967,351.1804570862875,40.88568933150405,East-West,Tilted,70.2360914172575
37.69013065599989,-564.2647030477002,82.06111402496634,East-West,Tilted,-112.85294060954004
15.383003592500462,335.69383825238754,60.83098851539518,North-South,Flat,67.1387676504775
25.79049454668974,-593.1961498816931,58.02278121756813,North-South,Flat,-118.63922997633864
37.4855044137976,214.33763278911874,18.995531948100286,North-South,Tilted,42.86752655782375
20.953582509466557,202.85824101632255,63.638360115481206,East-West,Tilted,40.571648203264516
28.859324262504483,585.5813027539111,32.978501137013716,North-South,Tilted,117.11626055078223
18.643325338630074,-1168.7777472133678,12.936594184377332,North-South,Tilted,-233.75554944267355
34.30717056057334,-1357.3592884001996,59.74366472067875,East-West,Tilted,-271.47185768003993
19.4780033167127,-680.3424655973156,67.86622312712025,North-South,Tilted,-136.0684931194631
12.599387522371597,702.3609141725753,19.463800953050363,East-West,Tilted,140.47218283451508
33.87918574172126,-892.6404504514625,55.135037850139135,North-South,Tilted,-178.5280900902925
16.445528674706885,75.21332332266361,45.72945270953562,North-South,Flat,15.042664664532722
36.482009181387134,-748.9590008552398,89.04506287541813,North-South,Tilted,-149.79180017104795
16.484602337142448,-378.7803912943452,35.18743424887237,East-West,Flat,-75.75607825886904
13.008403158868765,7.97926896185138e-14,81.90751930196642,East-West,Tilted,1.595853792370276e-14
19.032715331695,-966.7976402755808,41.02934267613122,East-West,Flat,-193.35952805511616
13.061563189553425,-937.4473239140862,63.89695791726424,North-South,Flat,-187.48946478281724
13.903980624919246,850.8021087097221,22.675281678121564,East-West,Tilted,170.16042174194445
12.879947150942439,-1219.237274690211,53.64135821267102,North-South,Flat,-243.84745493804223
32.04216375113185,0.0,37.81118052052946,East-West,Flat,0.0
35.98267372451434,-335.01224510440267,31.284951760623308,North-South,Flat,-67.00244902088053
21.94064700118954,1360.6849311946314,10.31281770249068,East-West,Flat,272.1369862389263
37.62477107905393,-332.09017743210643,28.23387690615098,East-West,Tilted,-66.41803548642129
35.64663733327595,291.1553051724063,36.644473574375105,East-West,Flat,58.231061034481264
26.388849293777827,702.1060026079408,81.74754020794028,North-South,Tilted,140.42120052158816
19.60770673258297,366.1125192318128,79.50030274086797,North-South,Flat,73.22250384636257
39.763084215844245,-1210.731924775705,68.1481197490309,North-South,Tilted,-242.146384955141
13.80651563386486,1219.369531762282,34.590646470502534,North-South,Flat,243.8739063524564
27.688323154229884,-173.7679173265654,84.55212049764748,East-West,Flat,-34.75358346531308
15.49388042725295,-672.7951001531075,11.153075865491804,North-South,Tilted,-134.5590200306215
12.094691903413816,-548.4531605184349,45.76433307949465,North-South,Flat,-109.69063210368698
34.01067254467984,-1275.270331359246,70.87040187487816,North-South,Flat,-255.05406627184922
13.715829158269898,584.3888736066837,39.4297871266999,North-South,Tilted,116.87777472133673
39.59670972827698,-1162.2172940908506,26.202456588586855,North-South,Tilted,-232.44345881817014
22.128906777424206,-351.1804570862876,30.803003682881382,North-South,Tilted,-70.23609141725753
21.932562322655475,2.145902900855818e-14,53.92891719797616,North-South,Tilted,4.291805801711636e-15
21.15675186222161,261.5701380226342,10.383220919512741,North-South,Flat,52.31402760452684
38.066091536376675,-1313.1522956248539,17.292040255974506,North-South,Flat,-262.6304591249708
25.949077798673372,-893.7851599064155,70.35331360004159,North-South,Tilted,-178.75703198128312
12.50609592764247,678.2263826437127,22.318343618779917,East-West,Tilted,135.64527652874253
29.010996340562794,-168.09859381727642,51.75874485186445,East-West,Flat,-33.61971876345529
37.499825941776834,1140.8701034683975,54.01158895683828,North-South,Flat,228.1740206936795
14.114975317211266,578.4254626985633,43.46513776531438,North-South,Tilted,115.68509253971266
24.738375165714558,3.418567547558144e-14,72.48932977646342,East-West,Flat,6.837135095116288e-15
17.420509995446746,1178.3877169612317,61.29812361638184,North-South,Flat,235.67754339224635
14.648826697241537,0.0,54.31987163162316,North-South,Flat,0.0
35.86916528505167,221.5803446093209,50.97880865027496,East-West,Flat,44.31606892186418
11.469863633864447,-680.3424655973163,15.639415334965898,East-West,Flat,-136.06849311946326
15.718408071562369,-865.7798554428551,40.29560294149289,East-West,Tilted,-173.15597108857105
37.775765287612145,639.5720474294603,79.2725656339708,North-South,Tilted,127.91440948589207
30.831669254535264,-1314.3207164832586,40.35499301695804,East-West,Tilted,-262.8641432966517
36.89477331200494,311.41518538112837,73.17285365702543,East-West,Tilted,62.283037076225675
31.4001260947983,-1.5760673828303611e-13,88.90514167994128,East-West,Tilted,-3.1521347656607224e-14
18.991262220129634,642.9261770541171,51.79907245989316,North-South,Flat,128.58523541082343
19.955343056606694,-950.5661168941984,25.02268731628252,North-South,Flat,-190.1132233788397
17.416480829483685,1006.9558594486641,51.02289015065544,East-West,Flat,201.39117188973285
10.370907762274053,-1089.42503367192,28.025394413574666,East-West,Tilted,-217.88500673438398
37.60938990009218,-1.6611755372038216e-13,49.62031292761219,East-West,Tilted,-3.3223510744076434e-14
24.1322216440651,-1182.677276619759,48.883282733445824,East-West,Flat,-236.5354553239518
33.64613817042742,347.3029179828549,13.648361805939757,North-South,Flat,69.46058359657098
20.67455920356528,852.9306979479912,60.256324726896395,East-West,Flat,170.58613958959825
19.300317472572473,475.19592630694603,49.57070028882047,North-South,Tilted,95.0391852613892
12.747155609303686,-1314.3720551482575,54.65664811177466,North-South,Tilted,-262.8744110296515
29.827549266181567,-1.653780705569763e-13,54.28056007817449,East-West,Tilted,-3.307561411139526e-14
11.469335545821766,-1311.8868970788221,33.676640859249275,North-South,Tilted,-262.37737941576444
31.872902478701228,18.18316820473554,40.15698553707932,East-West,Tilted,3.6366336409471085
32.51612919769582,370.1350524039176,18.407863726685907,North-South,Flat,74.02701048078352
25.189932589203032,-318.2095388440205,67.14357592926473,East-West,Flat,-63.64190776880411
35.44031767885485,-976.7582795129837,64.34318364014234,East-West,Tilted,-195.35165590259675
31.427105393583382,-1174.7364362759295,75.65308709712136,North-South,Flat,-234.9472872551859
12.602212268600333,1339.8688645995976,63.1595039699457,East-West,Flat,267.97377291991955
23.536138648353834,225.18625816219034,39.235631616562216,North-South,Flat,45.03725163243807
32.676926650704786,123.90368341463787,65.4059051860379,North-South,Tilted,24.780736682927575
33.57791125775738,-818.8103500491196,50.90961544274507,East-West,Tilted,-163.76207000982393
31.01117103481335,-960.3678624455803,87.66732556990969,East-West,Tilted,-192.07357248911606
30.996696668215005,953.8207502631955,55.60649940270525,North-South,Tilted,190.7641500526391
25.057575747519635,-0.0,69.78389131216073,East-West,Flat,-0.0
10.911945449616772,-1.6096415302260422e-13,67.6988996520898,East-West,Tilted,-3.2192830604520843e-14
37.51207375809266,148.5025391580009,64.19096620254913,North-South,Flat,29.70050783160018
36.086334251811564,-951.320579722617,74.14284228153878,North-South,Flat,-190.2641159445234
38.24352816436331,1311.8868970788221,23.317160473733534,East-West,Flat,262.37737941576444
24.523661573557263,414.0685101133432,62.88142081562683,East-West,Flat,82.81370202266865
13.32226600794035,-546.4251533093302,33.30782114166364,East-West,Tilted,-109.28503066186605
31.214410987878598,-35.127183545424465,75.64107675675527,North-South,Flat,-7.025436709084893
12.791394399150597,-873.6491611763726,75.06103596991734,North-South,Tilted,-174.72983223527453
13.132520660618967,-1178.3877169612315,16.88061084394392,East-West,Tilted,-235.67754339224632
17.122770238985535,-1081.519643889407,35.290595770929734,East-West,Flat,-216.30392877788142
19.12614552559399,1069.0614217233044,55.58798425013855,East-West,Tilted,213.8122843446609
37.30728134916483,-568.937634813375,37.87480416516256,East-West,Tilted,-113.787526962675
34.72698384347325,11.713688864045919,22.61037159260889,East-West,Tilted,2.342737772809184
19.50373376945629,1310.2327581323482,24.72224460548693,North-South,Flat,262.04655162646964
36.02782208034254,-835.3552200621157,45.278966297422656,East-West,Flat,-167.07104401242316
30.957396725334604,-606.9933062657233,79.59077633619853,East-West,Tilted,-121.39866125314467
39.940264779003314,-352.17117457718405,78.26804074987018,North-South,Tilted,-70.43423491543682
17.92055665783807,2.145902900855818e-14,31.99199637489339,East-West,Tilted,4.291805801711636e-15
12.549769148593548,160.59437302987126,14.578476747843343,North-South,Tilted,32.118874605974256
35.87852359382184,1176.8164671509087,23.862966540955554,East-West,Flat,235.36329343018176
17.087973757420436,-191.89420741098294,25.37015057841024,East-West,Flat,-38.37884148219659
27.437323605419127,-189.51378525531217,40.54872002714083,North-South,Tilted,-37.90275705106244
29.652602637736905,45.25151288615573,68.08488647781718,North-South,Flat,9.050302577231147
37.042975533916376,-1117.1908360828165,71.89722936382839,North-South,Flat,-223.43816721656333
27.888523593263216,-952.6836410429264,22.999950199844392,North-South,Tilted,-190.5367282085853
29.272131256289345,-323.22132845972345,79.13541544176485,East-West,Tilted,-64.6442656919447
25.772983747360925,-1.5405562868793147e-13,53.43229998217538,North-South,Flat,-3.0811125737586293e-14
21.939356640001062,-416.49125502145813,25.392738311698135,East-West,Tilted,-83.29825100429163
17.33820558024042,7.170706135993237e-15,67.65661515073697,East-West,Flat,1.4341412271986475e-15
25.40785210232358,-74.47460626809983,61.948415948006655,North-South,Tilted,-14.894921253619968
34.620021759074405,-680.1912440077465,65.42613202701102,North-South,Tilted,-136.03824880154932
31.040102593207372,-724.3457279197086,77.28217284960874,North-South,Flat,-144.86914558394173
16.242911686159346,8.845912792369447e-14,80.42941543339096,East-West,Tilted,1.7691825584738897e-14
14.633468263946536,17.569448574563605,37.76371892776871,East-West,Tilted,3.5138897149127213
21.578057990796374,1197.696609607982,73.42509982176699,East-West,Tilted,239.5393219215964
25.835855171683356,709.1105640241664,62.402634807964795,North-South,Flat,141.82211280483327
30.38988067121614,-962.2921237903331,50.43542436234678,East-West,Tilted,-192.45842475806663
14.298593858640302,284.0847550271231,51.696441959822025,East-West,Flat,56.81695100542462
33.50968830228274,-480.14964667793413,61.180308252719506,East-West,Tilted,-96.02992933558683
27.833370931302916,-947.4303600590955,67.63066380975212,East-West,Flat,-189.48607201181912
11.851299817470826,-105.00715246204321,29.4431712740612,North-South,Flat,-21.001430492408645
18.94398883499186,-1307.0237651432108,39.9841695192622,East-West,Tilted,-261.4047530286422
11.3597393268521,1064.7498689916497,74.20933079069653,East-West,Tilted,212.94997379832995
33.272376315192744,-346.2385518731356,11.290469316897926,East-West,Flat,-69.24771037462712
24.603447213078702,678.2263826437123,27.93062020268249,East-West,Tilted,135.64527652874247
35.59648637155762,-538.5332218581324,18.228442832857937,East-West,Tilted,-107.70664437162648
21.153189044740998,996.887811067494,81.14036669796025,North-South,Flat,199.3775622134988
13.441764273234137,1213.9866125314459,51.461407385039934,East-West,Tilted,242.7973225062892
22.250636607508014,1144.0816500685248,11.009742104750835,North-South,Tilted,228.81633001370497
25.26841799992883,-966.7976402755803,83.66869018080534,North-South,Flat,-193.35952805511607
12.295970226121158,1.4994546183748602e-13,39.75790357069541,North-South,Tilted,2.998909236749721e-14
24.368099077028823,678.2263826437132,52.790252686579784,East-West,Tilted,135.64527652874264
29.194261965863685,-590.3040493934907,26.596179580164687,East-West,Tilted,-118.06080987869814
25.49494622296326,21.210290755368906,41.78068014448745,East-West,Flat,4.242058151073781
22.76270772832728,-81.12579885871605,53.51611497363716,East-West,Flat,-16.22515977174321
10.437276754681324,1111.1855839297307,33.2080579045137,North-South,Tilted,222.23711678594614
30.009693941955227,332.60772634336666,52.6458242066623,East-West,Flat,66.52154526867334
30.298242952507483,-842.9339404021503,64.1830389399236,East-West,Tilted,-168.58678808043007
12.238219489621178,1134.7082628817027,83.19291026793393,North-South,Flat,226.94165257634054
30.11056337146415,-761.1842139596027,21.97975177762201,East-West,Tilted,-152.23684279192057
19.91000937430817,379.246232628464,35.64587984470097,North-South,Tilted,75.8492465256928
19.758184456539,-702.1060026079409,21.203327082071254,East-West,Flat,-140.4212005215882
25.276428428813674,-1046.6819367745074,35.619182793926,North-South,Flat,-209.3363873549015
34.89649616337203,1120.9728199265578,74.60690807551478,North-South,Flat,224.19456398531156
31.859634714990356,-959.1569486939824,73.8929026967401,North-South,Tilted,-191.83138973879647
33.57445827866077,-426.13868271366044,68.39824419422092,North-South,Tilted,-85.22773654273209
38.2140478173514,-475.51793119417823,81.89598420697062,North-South,Flat,-95.10358623883565
11.21526302354397,584.3888736066838,80.95136735301226,East-West,Tilted,116.87777472133676
10.011363687105026,808.8685477322446,80.75896314337369,North-South,Flat,161.7737095464489
23.580280897649246,133.04865825400225,44.474847529825496,North-South,Flat,26.60973165080045
17.585530136611425,251.66868487084432,79.64306129445981,East-West,Flat,50.333736974168865
13.94741704869385,-974.429022761194,63.34716170711852,North-South,Tilted,-194.88580455223882
11.26885309870174,-1011.4920049394395,13.306051392313023,East-West,Flat,-202.29840098788793
28.00799083000096,113.0114778023009,47.86670423338542,East-West,Tilted,22.60229556046018
39.052803568729345,-8.60367857839313e-15,57.06590673040612,East-West,Flat,-1.7207357156786259e-15
26.580272972364163,-1266.602517674457,79.99487028007239,North-South,Tilted,-253.3205035348914
12.050110825276683,121.7428773366549,72.24282455219551,North-South,Flat,24.34857546733098
29.969217288399893,-634.125484596537,24.76619416083831,East-West,Flat,-126.82509691930741
33.48708417277124,-654.0488179251006,68.00221354351109,North-South,Flat,-130.80976358502014
16.263947937684776,0.0,13.482297249108823,East-West,Tilted,0.0
10.08432485415461,363.49569422880256,32.36789631736358,North-South,Flat,72.69913884576052
32.04528014467995,-943.5557497931767,76.55915499635725,North-South,Tilted,-188.71114995863536
20.23047099894217,-679.0341423005844,59.30107950795602,North-South,Tilted,-135.8068284601169
31.54573827900974,0.0,10.58450382501233,East-West,Tilted,0.0
37.16482329050809,-645.3600551982827,88.13820584138227,East-West,Tilted,-129.07201103965653
16.78182290712705,500.931144892724,78.43428693990765,North-South,Flat,100.1862289785448
20.464436531336723,-141.6844832666779,50.550307859334936,East-West,Tilted,-28.33689665333558
24.470688139918543,66.3033705913125,42.27189657860258,North-South,Flat,13.2606741182625
22.738696311427884,538.2385194229868,64.85629542058639,East-West,Tilted,107.64770388459736
14.216823399014316,-1203.2158810329179,33.03830117433884,East-West,Tilted,-240.64317620658358
10.924793907814461,-735.1452635366892,25.853366052329285,East-West,Tilted,-147.02905270733785
39.48923957706185,0.0,74.36707827539982,North-South,Flat,0.0
35.68139690886888,181.7843811234798,58.99920880035489,North-South,Flat,36.35687622469596
36.85803301025123,948.8492175460854,89.54821030478651,East-West,Tilted,189.76984350921708
14.23813539927503,-335.01224510440267,35.0921630086704,North-South,Tilted,-67.00244902088053
26.321554698690896,64.33225825060399,24.217575631516777,North-South,Flat,12.866451650120798
14.120210271925261,679.9896326486045,45.06626064230925,East-West,Flat,135.9979265297209
36.59497119584443,538.1495976536177,83.01076522063504,North-South,Flat,107.62991953072354
21.377197408402196,-1178.649659842758,88.04335890291988,North-South,Flat,-235.7299319685516
18.180250259608638,1085.5125471247136,60.54813876749401,East-West,Flat,217.10250942494272
15.820745055528807,548.4531605184346,50.20985184413779,East-West,Tilted,109.69063210368694
36.370260395744225,8.354419322942854e-14,73.4826804493251,North-South,Flat,1.670883864588571e-14
30.643290628861106,-81.9502704948443,26.510568987197605,East-West,Flat,-16.39005409896886
15.32720127848385,1134.7082628817027,11.169064932919976,East-West,Tilted,226.94165257634054
27.680946861542832,-1.2545031398007564e-13,71.73562053603942,North-South,Flat,-2.5090062796015128e-14
17.46710045820229,-933.562675940166,67.06087319209125,North-South,Tilted,-186.7125351880332
24.859866065809474,60.338476021145134,34.12661844858461,East-West,Flat,12.067695204229027
27.410223883861956,-660.1284988199511,12.75465171078996,East-West,Tilted,-132.02569976399022
28.361416871677992,1093.256813687106,66.28242092127363,East-West,Tilted,218.6513627374212
13.852155573997248,386.3809313159256,37.11679250470716,North-South,Flat,77.27618626318512
29.567623884152518,-589.253520608439,64.08102448022655,North-South,Tilted,-117.8507041216878
38.09023094947116,-90.4493937461843,19.35073948799144,North-South,Tilted,-18.08987874923686
39.973367701375516,1060.359437707788,62.06933836965909,East-West,Flat,212.0718875415576
26.031105273021332,-7.342321700572183e-14,28.419795468384564,North-South,Tilted,-1.4684643401144366e-14
28.039072959560002,-340.9587172331983,87.33543482892128,East-West,Flat,-68.19174344663966
27.509272289612404,605.1039343937287,40.37580736887932,North-South,Tilted,121.02078687874574
16.859539482453812,927.2173959323587,26.859227310789755,East-West,Flat,185.44347918647176
19.09243643229033,-140.32141022595883,49.517824018044934,East-West,Flat,-28.064282045191767
10.58260859213356,612.1988067983513,87.71607008125045,East-West,Tilted,122.43976135967026
16.07262165128689,-454.6174595973093,66.86020455479982,North-South,Tilted,-90.92349191946187
16.66768610737639,-236.3256566721909,88.62786924804239,North-South,Tilted,-47.26513133443818
39.295462878814156,-291.74358003584143,65.35535798517216,East-West,Tilted,-58.34871600716829
13.799021750222352,-149.7075259186259,25.680451820052504,North-South,Tilted,-29.94150518372518
21.65933340133585,-432.41168075576553,48.51312378738868,North-South,Flat,-86.4823361511531
20.51639147708959,1.3356640208599206e-13,79.66553207431099,East-West,Tilted,2.6713280417198414e-14
12.65731881864243,661.5264328060761,46.78093484476594,North-South,Flat,132.3052865612152
13.18886380980595,397.82493475958927,28.39139044689699,East-West,Tilted,79.56498695191786
31.634845968295075,-290.60196591356254,66.97546713368672,North-South,Flat,-58.12039318271251
14.29359244554684,226.16551937328958,79.26125348919996,North-South,Flat,45.23310387465792
23.37516834561763,1.6663584456355418e-13,33.78928925309424,North-South,Tilted,3.332716891271084e-14
16.08991342764112,1123.1133247641656,75.16034319857127,North-South,Tilted,224.62266495283313
32.371816960503395,-300.9748615350391,82.2957284273417,North-South,Tilted,-60.19497230700782
35.4917600384945,-575.19198352876,15.372880443330814,East-West,Flat,-115.038396705752
28.884064876795577,622.0640959601193,74.98585369478161,North-South,Flat,124.41281919202386
15.049927487317625,616.9293405062415,39.1385290555284,North-South,Flat,123.3858681012483
13.92518621009116,-426.3377136847963,52.5892498677704,North-South,Flat,-85.26754273695927
15.829520651355214,1150.3839670575192,15.998654249767199,North-South,Flat,230.07679341150384
25.998222607200454,-724.3457279197082,86.21457490859056,East-West,Flat,-144.86914558394164
23.68033220046023,-104.51789776205108,20.15142737190221,East-West,Flat,-20.903579552410218
29.56147867634563,127.41464564999828,23.991976487792588,North-South,Flat,25.482929129999658
14.8695430480236,1.623576375090318e-13,63.031527680362004,East-West,Tilted,3.247152750180636e-14
36.4382831612735,350.5285529043155,64.69694696779759,East-West,Flat,70.1057105808631
19.3796702651309,-552.1825538905197,32.22273112014575,North-South,Flat,-110.43651077810394
36.88231369358826,0.0,57.254797477912966,North-South,Flat,0.0
10.027841222508343,-956.807802784802,12.231126733085933,North-South,Flat,-191.3615605569604
37.852569081822296,351.70159323032254,41.573256600118626,North-South,Tilted,70.34031864606452
16.098514601885057,1313.1522956248537,68.96284597272697,East-West,Flat,262.63045912497074
28.136668138273183,707.744993319424,78.08042767129945,North-South,Flat,141.54899866388482
19.376778759324388,-633.3576350713448,28.465130508680865,North-South,Flat,-126.67152701426897
36.69581391687727,23.423906709278473,71.06827615572143,East-West,Tilted,4.684781341855695
12.427937867520628,186.95110325485456,86.41413217380833,East-West,Flat,37.39022065097091
14.628731108311309,799.9757283700562,56.571773612695594,North-South,Flat,159.99514567401127
26.15823132212791,484.28233146274835,16.139990139299798,East-West,Flat,96.85646629254967
31.306716054381834,624.4156575334173,35.27842518424178,East-West,Flat,124.88313150668347
16.81814029933503,-284.08475502712315,74.51906865645472,North-South,Flat,-56.816951005424635
36.2093673283507,371.15179055189617,33.07544761415133,East-West,Flat,74.23035811037924
11.461123912555944,671.8912955491074,67.25143594478104,North-South,Flat,134.3782591098215
36.199261180154735,-299.77303275051173,18.07168573833178,East-West,Tilted,-59.95460655010235
13.81357731284659,246.1461937616066,57.042397012090376,North-South,Flat,49.22923875232132
35.27020776865844,1.1760274558317304e-13,20.96214000992635,North-South,Flat,2.3520549116634608e-14
10.216215387441062,-655.641708297903,65.82637926742086,North-South,Flat,-131.12834165958063
12.18474037191692,546.3684286354503,81.86970598900334,North-South,Flat,109.27368572709007
38.90458968445637,-284.0847550271231,33.22053591113074,North-South,Flat,-56.81695100542462
35.08984207303538,-99.21635350397496,54.99822759377234,East-West,Tilted,-19.843270700794992
17.251887296482472,-82.73014358972662,65.9664733471506,North-South,Tilted,-16.546028717945326
22.9362443002378,-347.30291798285447,38.06549950232292,East-West,Flat,-69.4605835965709
20.803561218710133,-1170.71268863387,59.10837789483466,East-West,Tilted,-234.14253772677398
35.616130505448034,1032.3790204294362,68.50623054146885,East-West,Flat,206.47580408588726
18.821259780068903,0.0,18.27418852444164,North-South,Flat,0.0
38.92107494479688,959.0946357119905,24.038502036750433,North-South,Flat,191.8189271423981
39.02070699752462,-251.5975514371029,26.835649014876264,North-South,Tilted,-50.319510287420584
32.79724574686337,269.63551330874606,51.885188849648216,North-South,Tilted,53.92710266174922
33.97969523199477,-0.0,65.34415534938464,East-West,Tilted,-0.0
27.684925640593054,-1215.0957364888952,15.03317684104875,East-West,Tilted,-243.01914729777906
24.763155451227398,-350.81517567547485,58.70855189529965,East-West,Flat,-70.16303513509497
38.083111280720665,297.74127985507687,41.94370796648164,North-South,Flat,59.54825597101538
31.09622357666931,927.2173959323594,26.831531174397362,East-West,Flat,185.4434791864719
11.587759322251017,-0.0,46.28081937825948,North-South,Tilted,-0.0
11.602482009843172,351.1804570862878,11.28910825357691,North-South,Tilted,70.23609141725755
23.452814712295492,-1182.677276619759,55.88831653675317,East-West,Tilted,-236.5354553239518
18.160143449824062,-331.0668531799141,39.049284066093186,North-South,Flat,-66.21337063598283
29.249440280357373,679.0826279688999,37.47198265874989,East-West,Tilted,135.81652559378
33.16870658681113,830.6641001976282,41.32990731835121,East-West,Flat,166.13282003952565
22.88670113398321,-564.2647030477001,44.73479879490103,North-South,Flat,-112.85294060954003
21.70033187422843,584.3888736066845,89.80672896480681,North-South,Flat,116.87777472133689
34.15535566298359,1077.4466197673287,68.69569084268733,North-South,Flat,215.48932395346574
25.966395605119278,-1076.477038845974,26.730943012574777,East-West,Tilted,-215.2954077691948
12.791038239326424,732.2250384636258,60.624597877775855,East-West,Flat,146.44500769272517
30.49428600447034,-235.3273135598191,78.72542968044313,East-West,Flat,-47.06546271196382
32.248055642624415,-795.2604149659066,86.10803216468699,East-West,Tilted,-159.05208299318133
13.691578275637987,291.15530517240666,44.760104494471086,East-West,Flat,58.231061034481336
19.072402425711118,911.4048672687755,87.25084718720748,East-West,Flat,182.2809734537551
13.737930345547412,1206.2784199015957,21.296784486757552,East-West,Tilted,241.25568398031916
28.224286804712943,248.5437461189918,75.66270494253357,East-West,Tilted,49.708749223798364
10.233337718547412,629.3554982975655,58.67278599675643,East-West,Flat,125.8710996595131
31.91879940235104,1114.5371812978676,49.73183829856819,East-West,Flat,222.90743625957353
16.32774937037185,280.4575796909727,28.826705577372664,North-South,Flat,56.09151593819454
19.62070197377615,-475.9813915586458,74.77720227833143,East-West,Tilted,-95.19627831172916
25.26330692149561,-445.1894872796511,21.107761369779645,North-South,Flat,-89.03789745593022
29.288893739733325,351.1804570862875,71.53694165101925,East-West,Flat,70.2360914172575
18.52220835645735,-648.9799182070188,33.39497142694543,East-West,Flat,-129.79598364140378
31.42083056817532,375.9322306105651,45.92918965994083,East-West,Tilted,75.18644612211303
23.9655499861577,-873.6491611763723,56.735349718169175,North-South,Tilted,-174.72983223527447
12.01988936320312,-349.7237020414264,15.691816677509225,North-South,Tilted,-69.94474040828528
38.3230452442228,-310.2445049325063,53.70727927298698,North-South,Tilted,-62.04890098650126
34.8011359545738,510.0955285669767,45.722548141650165,North-South,Flat,102.01910571339535
22.315824778717037,-211.88378721629454,30.17596559872488,East-West,Tilted,-42.37675744325891
28.261514421045586,-939.28554693086,77.19593031146536,East-West,Tilted,-187.85710938617203
27.95557212461203,281.3141795101591,19.54050218768795,East-West,Flat,56.26283590203182
35.30603568007467,-221.48341191801703,58.44463433715838,North-South,Flat,-44.29668238360341
22.513630028302934,748.9590008552395,82.74778067829679,East-West,Flat,149.79180017104792
11.640760192582452,378.78039129434535,76.23172921818818,North-South,Flat,75.75607825886907
14.992785189224431,-647.1939593388516,51.680732365568254,East-West,Flat,-129.43879186777033
30.856079860051654,-0.0,83.18507041759648,East-West,Tilted,-0.0
37.68819787354101,0.0,10.719441917001564,East-West,Tilted,0.0
11.615792489277613,834.8159925760318,66.8628911406721,North-South,Flat,166.9631985152064
24.94761339873706,512.1897761355316,41.48144541755239,North-South,Flat,102.43795522710633
14.366599294905274,1138.2795897827518,30.544495187248728,East-West,Tilted,227.65591795655038
18.578669466737615,-0.0,55.79164709250692,North-South,Flat,-0.0
33.744329431909634,-313.7651968438299,32.46042777702506,East-West,Tilted,-62.75303936876599
30.86453325985263,-590.3040493934903,35.80899335784416,East-West,Tilted,-118.06080987869808
30.86733548271295,-732.2250384636252,86.27971245135787,North-South,Flat,-146.44500769272506
23.073824032370037,0.0,29.063571574668046,East-West,Tilted,0.0
29.562636908077,423.3028123140105,67.63488231282749,North-South,Flat,84.6605624628021
15.475200603584327,-294.4570241639589,50.555259057339484,North-South,Flat,-58.891404832791785
26.6626765746476,-555.3371360198638,27.10804318956071,East-West,Flat,-111.06742720397277
22.50147348972176,-1187.5741664189466,54.05909813989798,East-West,Flat,-237.51483328378933
19.906400188887268,662.8753597448319,87.3994134724546,East-West,Tilted,132.57507194896638
22.63756536991498,-787.4205380304313,27.15647204515987,North-South,Tilted,-157.48410760608627
19.91102911466294,-432.41168075576576,19.486252525373775,East-West,Tilted,-86.48233615115316
34.33466906369705,-1032.8349796849207,17.805330581198113,East-West,Tilted,-206.56699593698414
27.336562990509393,-320.6240449720644,57.213659013639045,North-South,Tilted,-64.12480899441287
21.766211507604844,1.4345662949595228e-15,24.30447446883683,North-South,Flat,2.8691325899190456e-16
27.291513475266484,-0.0,34.338057044679864,East-West,Flat,-0.0
39.326447147536165,-824.4239536369105,15.019608675789984,East-West,Flat,-164.8847907273821
21.28665610291245,351.1804570862878,81.0276248623811,East-West,Flat,70.23609141725755
10.180945186479134,418.7011702750444,31.141918737692258,East-West,Tilted,83.74023405500888
17.732047763533245,-835.3552200621157,10.13052786602418,East-West,Flat,-167.07104401242316
33.64589621923764,-1358.1652559377987,85.35896265012907,East-West,Tilted,-271.6330511875598
31.845208203595824,1311.8868970788221,37.75057328683917,East-West,Tilted,262.37737941576444
28.92459342410523,1290.7201103965656,58.54765847485816,East-West,Flat,258.1440220793131
37.71171246151839,144.19675009842047,30.300408175328446,East-West,Flat,28.839350019684094
29.10112900491246,-981.9882178225281,46.610520044915454,North-South,Flat,-196.39764356450564
28.46761846748145,-184.3745715862371,56.6679140034536,East-West,Flat,-36.87491431724742
33.98795917128415,-676.5652856413342,56.40852194443888,North-South,Tilted,-135.31305712826685
13.015736371680344,-338.56058101161403,42.33444676853537,East-West,Flat,-67.7121162023228
38.49368577599286,679.4353040963612,28.932495145783133,East-West,Flat,135.88706081927225
18.72119983094604,-0.0,33.12800245579745,North-South,Tilted,-0.0
26.490318283967873,-1117.1908360828165,12.012002202671255,East-West,Flat,-223.43816721656333
23.027910232174555,337.71095911489493,46.48155762319508,North-South,Tilted,67.54219182297899
31.799980653544214,124.28037941551308,39.293942771369174,East-West,Flat,24.85607588310262
27.52311423270172,-1154.6320366325278,16.338242613322535,East-West,Flat,-230.92640732650557
33.068539248991655,-399.98786418502806,60.590282937113685,East-West,Tilted,-79.99757283700562
39.7053658676731,-883.0570914418723,20.434077520308016,North-South,Flat,-176.61141828837447
21.866741345740795,585.5813027539111,51.69670042606228,East-West,Flat,117.11626055078223
18.69406683476407,132.11329166765728,11.979967838143066,East-West,Tilted,26.42265833353146
30.744517461910643,-1017.3515965661542,20.348620856448267,East-West,Tilted,-203.47031931323085
30.38141321516946,-883.0570914418723,78.61187305042982,East-West,Tilted,-176.61141828837447
15.899114798862696,0.0,51.86126583088571,North-South,Flat,0.0
10.066853827638194,299.7730327505118,25.30687643737508,East-West,Flat,59.95460655010236
25.059465081270424,648.9799182070178,79.2318633853303,East-West,Tilted,129.79598364140358
34.524961342549,-679.7376464556152,32.34453792820303,North-South,Flat,-135.94752929112303
36.17666022111905,192.06242773959883,11.889519513487281,North-South,Tilted,38.41248554791977
31.552758805541863,-325.58392131869977,41.34507165210713,North-South,Tilted,-65.11678426373996
21.573826963253467,-350.52855290431546,33.32673484565471,East-West,Flat,-70.10571058086309
35.61707130325671,-74.47460626809989,64.10561825400153,East-West,Tilted,-14.894921253619978
10.01900229363326,-0.0,77.25041870895362,North-South,Flat,-0.0
34.966522232363914,-1111.1953909325534,29.040862830025826,East-West,Tilted,-222.2390781865107
15.692322528427015,155.17394016794887,39.774590642510404,East-West,Tilted,31.034788033589777
32.43627361961761,1297.994309659409,79.06506105998449,North-South,Flat,259.5988619318818
13.117469779585695,-667.1946691063127,35.24219143278244,East-West,Flat,-133.43893382126257
24.743488886224842,-401.4955790712233,83.85919179815745,East-West,Tilted,-80.29911581424466
29.35817060138573,-809.8020093624418,38.443499394099206,North-South,Tilted,-161.96040187248838
31.81879887691829,572.040825034263,81.56955305499592,North-South,Tilted,114.4081650068526
37.86981406371145,-309.18103262253527,32.134659958178176,East-West,Flat,-61.836206524507055
18.06259353071875,1140.8701034683977,46.161549903808734,East-West,Flat,228.17402069367955
15.219494208784983,-315.56182718872054,43.21320819946286,North-South,Tilted,-63.11236543774411
35.903657903997896,-935.5396531426468,37.879590137536276,North-South,Flat,-187.10793062852937
24.0463807386932,57.94759198697603,61.40959538940325,North-South,Tilted,11.589518397395207
34.92405772476432,538.5332218581326,20.527353674177682,East-West,Flat,107.70664437162652
28.215722096976258,11.314973711521406,60.75508107474426,North-South,Flat,2.262994742304281
21.742294331488797,-1186.392299763387,19.125535449176017,North-South,Flat,-237.2784599526774
24.123847618402504,-422.34914493068874,45.33158478761977,North-South,Tilted,-84.46982898613776
27.44110750794954,-519.2221234628954,80.2924358991548,East-West,Tilted,-103.84442469257908
28.986713321012857,-771.2077369528164,58.114247757802744,East-West,Tilted,-154.24154739056328
24.375272870355907,-313.7651968438299,67.35523149706758,North-South,Tilted,-62.75303936876599
33.204429024692644,1175.5076258173412,53.16324334104772,North-South,Tilted,235.10152516346827
32.94417798133263,-1066.8695756831896,23.221706624494516,North-South,Tilted,-213.37391513663795
25.799767175695457,-201.91307351561036,11.167440687467591,North-South,Flat,-40.38261470312207
18.24144184907047,423.3028123140111,31.425969621472234,North-South,Tilted,84.66056246280222
39.62277983135961,-325.77837819879386,64.25089862187411,East-West,Tilted,-65.15567563975877
20.700684202072118,-1055.8904531226285,66.69636412479967,East-West,Tilted,-211.1780906245257
20.25992841413589,-1060.3594377077875,14.266907094123988,North-South,Flat,-212.07188754155752
14.999047045972956,-528.3102534661989,37.937481726954296,East-West,Tilted,-105.66205069323979
26.686470560575685,-302.5019404708396,14.098981084035449,North-South,Flat,-60.500388094167924
15.897323896271823,-1012.191220464723,13.619343518130647,East-West,Flat,-202.43824409294461
17.791376262597616,192.06242773959883,81.69682272446822,East-West,Flat,38.41248554791977
24.321460164145748,58.49904554083231,74.20618864877765,East-West,Flat,11.699809108166463
36.74461015449084,781.0027344495443,39.357347490533236,North-South,Tilted,156.20054688990888
39.51296751063457,282.2816233198387,26.827478372380973,East-West,Flat,56.456324663967735
31.492736963915835,-531.6484590626319,67.99400241739593,North-South,Tilted,-106.32969181252639
30.1821654171297,1137.6945774887643,64.36887469450768,East-West,Flat,227.53891549775287
35.60872524869437,657.1860275741286,86.13063017933553,East-West,Tilted,131.43720551482573
15.053596600728262,409.40517502455975,16.07700855904384,North-South,Tilted,81.88103500491195
21.105480066386747,325.5839213186997,21.654893125622287,North-South,Tilted,65.11678426373994
20.018996587845848,-63.32326885606822,88.83938185939797,East-West,Tilted,-12.664653771213644
31.510268203293084,229.6843331737944,17.966087986049615,East-West,Flat,45.936866634758886
24.256605716679843,813.4443040746537,15.905951550520703,North-South,Tilted,162.68886081493076
24.982897323259138,-534.6347263810651,54.27397669221925,East-West,Flat,-106.92694527621302
32.72182646420292,225.18625816219034,64.53412139867643,North-South,Tilted,45.03725163243807
39.08164401416286,0.0,19.229957313473356,North-South,Flat,0.0
13.31670424956517,-679.9896326486045,58.73721340953512,East-West,Flat,-135.9979265297209
18.35612722666883,371.03611842691316,86.73195903012817,East-West,Tilted,74.20722368538263
13.753948496328924,-670.9377160503864,17.991912790007465,East-West,Flat,-134.18754321007728
21.563837508586083,-110.79017230466101,53.552211568032966,North-South,Tilted,-22.158034460932203
26.921132370666584,-894.9617771860742,29.565300824718513,North-South,Tilted,-178.99235543721485
19.643465808464562,-491.7296513538767,67.33783506898803,East-West,Flat,-98.34593027077534
33.72045831793248,-269.6862476033266,29.651548403392532,East-West,Tilted,-53.93724952066532
19.41462471723932,337.71095911489385,79.63665615560991,East-West,Flat,67.54219182297878
13.686270082552443,-20.288704256580573,59.345825326192,East-West,Flat,-4.057740851316114
35.936262723048166,-1.486704819244373e-13,82.25070462218538,North-South,Flat,-2.973409638488746e-14
32.44159644366893,-955.8829075182604,47.56116118640386,East-West,Flat,-191.17658150365207
35.41545138891226,1017.3515965661543,15.11017645853733,East-West,Tilted,203.47031931323087
34.43397649501219,-335.69383825238754,47.30970542981524,North-South,Flat,-67.1387676504775
29.3494339979647,-1250.2827198873488,80.92572831336567,North-South,Flat,-250.05654397746977
11.45995572242635,669.9344322997985,41.08046750976729,North-South,Tilted,133.9868864599597
27.17287612526746,-935.5616223507026,88.88346755453937,North-South,Flat,-187.11232447014052
20.80082105062138,-1097.0076033052374,59.7326857721385,East-West,Tilted,-219.40152066104747
25.176462204138012,-664.1751797053264,76.23535754789634,East-West,Tilted,-132.83503594106529
16.70034253615203,-1012.191220464723,79.23665666141444,North-South,Tilted,-202.43824409294461
29.87048198375681,1.2639018791153678e-13,34.8788143360363,East-West,Flat,2.527803758230736e-14
24.298422183079502,323.22132845972334,61.712432661405686,East-West,Flat,64.64426569194467
38.19320593214397,-1118.0295890445861,35.08379694852235,East-West,Flat,-223.60591780891724
36.741430867910196,352.17117457718405,11.977857041670319,East-West,Flat,70.43423491543682
33.029370959347844,350.52855290431546,46.03706239509719,East-West,Flat,70.10571058086309
13.86429904600522,-1.486704819244373e-13,62.60626766321153,North-South,Tilted,-2.973409638488746e-14
27.94041433909654,-81.80157455400953,39.349613552503364,North-South,Flat,-16.360314910801907
28.40518112707539,-181.7843811234796,57.885644313641855,East-West,Tilted,-36.35687622469592
21.062446856721014,9.09461580609303,17.757411191563463,North-South,Tilted,1.818923161218606
25.424094735224593,-1006.955859448664,11.88260362214355,North-South,Tilted,-201.39117188973282
28.531535201061846,-538.149597653618,40.03476897566949,North-South,Flat,-107.62991953072361
34.86395285912113,-835.3552200621157,12.658054260799085,East-West,Flat,-167.07104401242316
12.30533230812136,527.8061677154448,35.584646368985375,East-West,Flat,105.56123354308896
14.542729362914923,427.8730953324657,16.825840667585624,East-West,Flat,85.57461906649314
30.962421328523646,-960.866621808162,11.523959989055799,North-South,Flat,-192.1733243616324
20.109197064232397,-675.911285926476,15.715915539328451,North-South,Flat,-135.1822571852952
11.410243456711838,90.4493937461843,23.38629789261935,East-West,Tilted,18.08987874923686
19.892440688632032,186.8364088461539,87.7138094491865,North-South,Tilted,37.36728176923078
10.598605790485628,-713.3315530308838,47.3161118029673,North-South,Tilted,-142.66631060617678
28.65882171347249,1208.64601609874,39.49914342865366,North-South,Tilted,241.729203219748
14.550461043556915,846.6056246280207,59.76958424113511,East-West,Flat,169.32112492560415
25.83094902434497,-320.6240449720644,31.17685923995195,East-West,Flat,-64.12480899441287
35.68930081903467,-342.431279297891,49.352234280480914,East-West,Flat,-68.48625585957821
35.44388774558541,87.01423506972816,36.40960811814179,North-South,Tilted,17.40284701394563
17.764073779443894,-81.09470790529936,78.11264271009243,East-West,Tilted,-16.218941581059873
39.68033616355285,1.6202724569746555e-13,15.867895293044851,East-West,Tilted,3.240544913949311e-14
11.081206641251157,-213.57112336827316,51.5418330548854,East-West,Tilted,-42.714224673654634
24.20773584973167,-633.3576350713448,36.27497946722443,East-West,Tilted,-126.67152701426897
39.12850196826867,1111.1953909325537,30.164479929191987,North-South,Tilted,222.23907818651074
36.388748057036096,-310.77212114796527,88.73707174361455,North-South,Flat,-62.154424229593054
18.29158666200673,297.74127985507715,21.390085480985537,North-South,Tilted,59.548255971015436
19.392701265152994,-645.3600551982827,65.78658691563277,East-West,Tilted,-129.07201103965653
28.05982204650889,596.0443053506572,60.70804281206936,East-West,Tilted,119.20886107013143
14.43762433584871,-346.15057729135737,13.630942638083026,East-West,Flat,-69.23011545827147
19.367188471258572,-124.58337617167888,41.31357171308448,North-South,Flat,-24.916675234335777
13.362520654173977,-116.03503398133054,79.6849756629791,East-West,Tilted,-23.20700679626611
11.789063678719078,-1046.7181541243644,14.108158036284202,North-South,Flat,-209.3436308248729
31.302404842098802,828.137020226687,80.001026224907,North-South,Flat,165.6274040453374
18.690184786068507,267.83818326472556,63.453554731878384,East-West,Tilted,53.56763665294511
17.54133710852986,-251.66868487084457,78.39659587621746,North-South,Flat,-50.333736974168914
39.34015482937453,0.0,43.355579130326134,East-West,Tilted,0.0
14.375324882142547,-404.71151047679984,64.91240382698345,North-South,Flat,-80.94230209535998
30.982152710260635,869.801442810218,83.28614898486454,East-West,Tilted,173.96028856204362
21.076049511098603,458.95888261581933,16.088463207487933,North-South,Tilted,91.79177652316388
32.50603308637074,-785.8136264462637,33.572943829229544,North-South,Flat,-157.16272528925276
36.213684673724295,-649.0658763668933,47.87110443125762,North-South,Tilted,-129.81317527337868
20.52262587156845,131.60806948780822,27.991455346101457,East-West,Tilted,26.321613897561647
26.699401382149603,-1055.8904531226283,65.02187436964019,East-West,Flat,-211.17809062452568
30.490639487820744,-616.9293405062416,39.58973704390913,East-West,Flat,-123.38586810124832
16.35085136936469,340.1845202229097,89.20638973831461,North-South,Flat,68.03690404458195
31.56996255177739,0.0,38.524887505241885,East-West,Tilted,0.0
17.599631906266175,624.4156575334177,84.35730549085925,North-South,Flat,124.88313150668355
36.939237174444045,312.82060775364187,13.657834746463093,East-West,Flat,62.56412155072837
30.366890742237036,324.8226990390002,58.96255383525719,North-South,Flat,64.96453980780005
26.779039714906546,135.54007411855738,16.68112368882283,East-West,Flat,27.10801482371148
32.16640489513858,-11.713688864045906,33.48371387969116,North-South,Flat,-2.342737772809181
11.821893938155055,-950.5661168941986,68.02215830484485,North-South,Tilted,-190.11322337883973
15.878686647207205,6.953550564970041e-14,86.2215740226784,East-West,Flat,1.3907101129940082e-14
27.22352609162365,943.4760482232681,52.88772800444864,East-West,Flat,188.69520964465363
39.623436579461924,724.3457279197085,30.336747213041324,North-South,Flat,144.8691455839417
12.638278533596043,201.91307351561042,35.99229657676031,North-South,Tilted,40.38261470312209
25.345652495447254,1313.6390955682068,66.61206967019282,North-South,Tilted,262.7278191136414
22.848656698302456,-838.9060403101944,19.058919287333687,East-West,Flat,-167.7812080620389
12.17556189200351,-158.02850698565695,42.62624489762152,North-South,Flat,-31.60570139713139
11.008684349327023,128.08827604832743,46.59887834240045,North-South,Flat,25.617655209665486
22.671040173398033,-822.1760163849744,50.57351281058225,East-West,Tilted,-164.4352032769949
34.39149841207733,1.0701410294914188e-13,67.20530257645929,East-West,Flat,2.1402820589828376e-14
11.293309655138138,-157.89000498422763,74.9770498911185,North-South,Flat,-31.578000996845528
26.609807172998785,1260.3544576895997,84.66644869932294,North-South,Tilted,252.07089153791995
27.440912308597955,-325.58392131870073,36.013573182907365,East-West,Tilted,-65.11678426374014
13.127206149429004,287.62774991930786,69.02480132804361,North-South,Tilted,57.52554998386157
38.270973325061476,-350.81517567547485,58.87295283829473,East-West,Tilted,-70.16303513509497
10.831987416778556,164.84778214104517,48.409618814446034,North-South,Flat,32.96955642820904
25.8042149335891,1046.718154124364,43.32978394851369,East-West,Flat,209.3436308248728
17.233046934547946,-480.14964667793436,14.15630805470677,North-South,Flat,-96.02992933558687
32.64291239851059,-128.08827604832777,70.11574536939051,East-West,Flat,-25.617655209665557
23.607896956328247,781.0027344495439,37.06354921445986,North-South,Flat,156.2005468899088
28.628603032412304,171.84776521059828,78.35117292639124,North-South,Flat,34.369553042119655
34.41724179938745,609.6186373451052,82.46863864800628,North-South,Tilted,121.92372746902105
32.144248765702656,29.276629559582922,59.29705976299558,East-West,Flat,5.855325911916585
24.277265942853493,960.866621808162,69.65533292562596,North-South,Flat,192.1733243616324
32.65426575691453,438.75198652727687,74.27308222263322,North-South,Tilted,87.75039730545538
27.468319235928465,824.4239536369103,67.5583720860204,North-South,Tilted,164.88479072738207
10.904965811913957,-245.74494538855637,73.32912408384877,East-West,Tilted,-49.14898907771128
20.878390512705163,-0.0,81.41133815300934,North-South,Flat,-0.0
26.587069494328066,1123.1133247641658,77.80156118041747,East-West,Flat,224.62266495283316
15.53633219784378,328.9467042492273,29.17388919126429,East-West,Flat,65.78934084984546
37.06700147339025,-512.1897761355316,62.43539772975778,East-West,Tilted,-102.43795522710633
10.425752562414175,1114.5371812978676,66.62364563126872,North-South,Tilted,222.90743625957353
16.59262543753481,-81.80157455400953,80.74603106152692,North-South,Tilted,-16.360314910801907
29.089514201934307,-1123.1133247641656,49.64431593223108,East-West,Tilted,-224.62266495283313
16.74534804684201,115.68489615775412,78.29625218486154,North-South,Flat,23.136979231550825
32.571667764363774,-1000.9025682539847,53.14638130018211,East-West,Flat,-200.18051365079694
34.68168194671656,-772.7172164370459,16.813196750652466,East-West,Flat,-154.5434432874092
26.075109321443936,-858.418165990671,38.957538990191274,North-South,Tilted,-171.6836331981342
25.780942946615145,0.0,71.74155726072664,East-West,Tilted,0.0
27.365561571768428,305.0200670543493,35.8993100521095,East-West,Flat,61.00401341086986
38.209412072499155,482.3812514956823,16.605197502485673,North-South,Tilted,96.47625029913647
26.17989446501045,-661.5264328060761,27.943809459975995,East-West,Tilted,-132.3052865612152
39.774076270779815,880.4265500576987,17.90914051867098,North-South,Tilted,176.08531001153975
13.083410773781763,1312.5682150384848,67.6953453245555,North-South,Flat,262.513643007697
24.300276270575736,0.0,48.923029582331374,North-South,Tilted,0.0
22.389509856474966,-1260.3544576895997,30.670435817307514,North-South,Flat,-252.07089153791995
35.26244868592367,879.7314811721596,37.97118325988546,North-South,Tilted,175.94629623443194
12.079574609834268,223.83275660876666,51.20469437525613,North-South,Flat,44.76655132175333
34.42572953334262,392.62459115050996,43.761170960308924,East-West,Flat,78.524918230102
33.62733722335581,4.394629554340654e-14,86.06952279265928,East-West,Flat,8.789259108681309e-15
36.94582508675387,359.3986258460606,74.30998211490335,North-South,Flat,71.87972516921212
29.902398965482078,299.3503823198414,15.901079253768087,North-South,Tilted,59.87007646396828
13.128992331406652,-224.16247215379283,39.678749845873625,North-South,Tilted,-44.83249443075857
31.04266952513064,-213.57112336827427,34.54170504301296,North-South,Tilted,-42.714224673654854
38.82896334633814,942.7531101400762,65.26904935949662,East-West,Flat,188.55062202801525
13.737443271286299,-680.3424655973156,36.57507891681145,North-South,Flat,-136.0684931194631
34.58714699368804,-1171.845449368141,33.7483122689364,East-West,Tilted,-234.36908987362824
36.50330364313997,-482.3812514956821,24.087304541098852,North-South,Flat,-96.47625029913642
39.53334106602645,-2.2880861005762858e-14,80.02670529884652,East-West,Flat,-4.576172201152572e-15
10.878001423622333,63.323268856068424,17.557760471719313,East-West,Tilted,12.664653771213686
14.398275260422267,-401.49557907122295,45.920366426227126,North-South,Tilted,-80.2991158142446
20.885453920007844,179.42436780140878,78.09056494109103,North-South,Tilted,35.884873560281754
15.683678444425723,-562.3340322316203,15.387465285245234,East-West,Flat,-112.46680644632407
15.800747596827401,-307.0609221417434,36.63409412594038,East-West,Tilted,-61.41218442834868
18.456127149552138,-1317.3633226957513,70.28318248382136,East-West,Tilted,-263.4726645391503
17.302876069529816,-1089.4250336719197,10.576000539844541,North-South,Tilted,-217.88500673438395
30.23098488507172,-92.87688708496849,27.421268758681094,North-South,Tilted,-18.5753774169937
38.45834211014099,5.490397080242004e-14,18.51501419916002,East-West,Flat,1.0980794160484009e-14
15.562559017316353,808.9878929945486,80.61715403160493,East-West,Flat,161.79757859890972
36.85005008316403,179.42436780140906,25.578088504660023,East-West,Flat,35.88487356028181
23.549763920914586,-655.157491732343,52.9200652499908,East-West,Flat,-131.03149834646862
35.08631776266817,5.490397080242004e-14,51.58786971924278,North-South,Flat,1.0980794160484009e-14
19.89486898317508,-956.5290935598866,81.09059671891525,East-West,Flat,-191.30581871197734
35.98623028098902,265.12893754134467,84.95507211670044,East-West,Flat,53.025787508268934
25.836715855906483,598.6405781651462,14.629962447376315,East-West,Tilted,119.72811563302923
36.320082370843096,-93.64010287795733,12.664664927789104,East-West,Flat,-18.72802057559147
13.571350329130816,1022.436605463174,77.6592904883911,East-West,Flat,204.48732109263483
23.640370850093287,-75.21332332266354,28.921820233184725,East-West,Flat,-15.042664664532708
38.37629411587976,-181.1441771685339,29.67667817356549,North-South,Tilted,-36.228835433706784
35.46594894006989,4.303273791924781e-15,36.58411972005932,East-West,Tilted,8.606547583849562e-16
26.413669434142484,1.6355869596367713e-13,70.40489006673936,North-South,Tilted,3.2711739192735427e-14
14.748910071509332,-0.0,19.67649069750939,East-West,Tilted,-0.0
36.5882028622204,-352.17117457718365,39.71404179070197,East-West,Flat,-70.43423491543673
19.645252426525737,30.281334212574368,64.88620669663615,North-South,Tilted,6.056266842514874
34.19801250893771,482.49172961334057,43.288817441192265,East-West,Tilted,96.49834592266812
24.50749207753462,672.7951001531081,39.71838831067892,East-West,Flat,134.55902003062164
26.704544425164205,45.35189575222213,59.29511996390117,East-West,Tilted,9.070379150444426
17.628382719637298,-4.670728787910509e-14,13.15327803962341,North-South,Flat,-9.34145757582102e-15
15.741601542488112,677.7228768781553,79.84946169517515,North-South,Tilted,135.54457537563107
28.72203675685971,-113.16811230815348,68.21270737484625,East-West,Tilted,-22.633622461630697
27.661703788891707,253.7443743649708,58.58759919671428,North-South,Flat,50.748874872994165
10.731315435164072,-634.1254845965371,86.62415536591062,East-West,Tilted,-126.82509691930744
20.683142253471466,1156.8860872792056,66.1345551709809,North-South,Tilted,231.37721745584113
21.533519536581736,272.95501155409966,44.86603578782048,East-West,Flat,54.59100231081993
34.023587116332784,555.337136019864,38.14538609665234,East-West,Tilted,111.06742720397281
20.539898302040605,326.72908131081965,44.93896341618771,North-South,Tilted,65.34581626216394
12.89502215771992,1137.6945774887643,14.14798916336025,North-South,Tilted,227.53891549775287
18.533688211532798,649.065876366893,47.75477817740784,North-South,Tilted,129.81317527337862
23.900026593044284,-844.061209221319,83.07426576793772,North-South,Flat,-168.8122418442638
32.2633313895714,-961.2941984730987,35.28588349900361,East-West,Tilted,-192.25883969461975
36.39065156801165,-291.1553051724066,38.94359979006434,East-West,Flat,-58.23106103448132
22.775800197857762,280.6999440462853,65.74637206899507,North-South,Tilted,56.13998880925706
10.015513318818666,146.95758144721162,64.03556880779554,North-South,Tilted,29.391516289442325
37.98785971828863,688.0952687835799,35.86975528098348,East-West,Tilted,137.61905375671597
34.44296595420317,1120.9728199265576,36.41591006396595,East-West,Flat,224.19456398531153
25.5351205119127,953.8207502631955,35.67167943467676,East-West,Flat,190.7641500526391
21.333363642911436,-912.6769426752602,43.48606300244306,North-South,Flat,-182.53538853505205
24.892230255024256,0.0,67.063545267075,North-South,Flat,0.0
13.273671599397455,-0.0,11.054120972418104,East-West,Flat,-0.0
33.17724332241659,-311.41518538112837,73.5720663882167,East-West,Tilted,-62.283037076225675
32.17164281759534,-463.9093416214488,62.11069119546896,North-South,Flat,-92.78186832428976
32.987224430623954,261.09746973031,39.15496995739748,North-South,Tilted,52.21949394606201
15.299632466399292,-436.9182323574815,71.53996422424751,East-West,Tilted,-87.3836464714963
19.598276847094617,-1160.360474483064,74.16913151232605,North-South,Tilted,-232.07209489661284
19.495193320411786,214.03017745617572,78.86781053921803,North-South,Flat,42.80603549123515
19.961129462686294,-1117.1908360828165,49.014897876293105,North-South,Flat,-223.43816721656333
12.676211444027796,-9.91257311767007e-14,13.331328351424983,East-West,Flat,-1.982514623534014e-14
28.238759266745564,259.0526469561571,17.41751537713779,North-South,Flat,51.81052939123143
10.068773021519961,-517.423636963486,68.35517069600755,East-West,Tilted,-103.48472739269721
36.72739915024821,927.5778884195764,68.25341313599081,North-South,Flat,185.5155776839153
11.896222188621014,1011.4920049394392,15.275124693537494,East-West,Tilted,202.29840098788785
32.74665017255545,-938.4293516733761,25.52845815443228,East-West,Flat,-187.68587033467523
32.95457031190059,-1.2898347266723017e-14,70.98026622434489,East-West,Flat,-2.5796694533446035e-15
19.167366356697176,-924.9647087637687,19.494504327371416,East-West,Flat,-184.99294175275375
32.0928936518325,1350.414427017806,21.62173834549901,East-West,Tilted,270.0828854035612
35.75943339559832,935.561622350702,38.72790066941845,East-West,Tilted,187.1123244701404
22.11349620249695,-674.4531205475457,49.19768617139128,North-South,Flat,-134.89062410950916
35.52771114853135,1165.3152965485735,46.716733329265224,East-West,Flat,233.06305930971473
25.114791160497653,873.8364647149632,73.01450758966396,East-West,Flat,174.76729294299264
23.391595335262192,347.3029179828549,59.80329805621039,East-West,Flat,69.46058359657098
28.811263730892385,1350.4144270178058,57.18722169196967,East-West,Tilted,270.0828854035612
17.383431947141066,5.2186937377815375e-14,55.22263026704485,East-West,Flat,1.0437387475563075e-14
35.75092152591275,-297.7412798550768,36.748536579811855,North-South,Flat,-59.548255971015365
31.258385972300804,-1170.71268863387,17.969327322182576,North-South,Tilted,-234.14253772677398
10.082947593074085,345.66787368411605,48.74885234098808,East-West,Tilted,69.1335747368232
30.607061784773286,29.276629559583064,28.132653007506274,East-West,Flat,5.855325911916613
27.044499264248426,-278.6127592689041,63.43680141885972,East-West,Tilted,-55.72255185378082
24.035197413152567,1.6666053849279077e-13,67.16372698114813,North-South,Flat,3.3332107698558156e-14
10.11776198705584,197.3868952669163,55.09086973044647,East-West,Tilted,39.47737905338326
11.405278627771374,-1138.2795897827518,27.459484451451015,East-West,Tilted,-227.65591795655038
35.87004530216201,-5.490397080242e-14,69.8335793231527,East-West,Flat,-1.0980794160484001e-14
33.10241373121613,-357.52300633180135,33.502317067672124,North-South,Flat,-71.50460126636027
13.621964986866452,324.41464149422995,28.941774211075703,East-West,Tilted,64.882928298846
18.564290987398746,-962.292123790333,54.42085881067756,East-West,Flat,-192.4584247580666
15.946588651749327,1.4010959307196412e-13,31.662484046532082,North-South,Flat,2.8021918614392826e-14
32.684205155505765,1309.2600596870734,89.32770977998202,North-South,Tilted,261.8520119374147
14.2260705808234,1130.002893002164,50.620992371622904,North-South,Tilted,226.00057860043282
32.140234033608806,256.9886331040505,76.44664452196383,East-West,Tilted,51.397726620810104
15.131701399394053,79.15788274234481,40.925143435823415,North-South,Flat,15.831576548468963
29.783529066269814,-510.7599126233163,68.9020201493469,East-West,Flat,-102.15198252466327
18.2830650886048,-1081.5196438894066,16.4027058831115,North-South,Tilted,-216.3039287778813
12.752088666600375,596.0443053506581,54.082688502624606,North-South,Flat,119.20886107013162
16.99601716002278,161.80507641262486,79.80213517233224,East-West,Tilted,32.361015282524974
17.061528259532118,-1337.7630372447559,16.716647403159293,East-West,Flat,-267.55260744895116
23.768068577759642,-892.6404504514621,71.33860807270312,East-West,Flat,-178.52809009029244
37.443295424911234,-1154.632036632528,29.034108091098084,East-West,Tilted,-230.92640732650563
24.776545686690618,-809.4230209535998,86.46656354876642,North-South,Tilted,-161.88460419071998
19.637701535578536,-1086.3459294675831,25.393658813579087,North-South,Flat,-217.26918589351664
12.647977209050227,-552.2523296545089,16.24572176725918,North-South,Flat,-110.45046593090179
32.25370612636098,876.3406988394227,65.6463540413332,North-South,Flat,175.26813976788455
26.132209713355998,-799.8956116540387,66.87300647695045,East-West,Flat,-159.97912233080774
29.02438936464951,1270.952468428001,81.74555730252746,North-South,Tilted,254.19049368560025
11.712423293774684,552.1825538905199,20.675638478878255,East-West,Flat,110.43651077810398
23.496994807565997,-221.4834119180177,55.30965347049062,North-South,Flat,-44.296682383603546
17.04644946095879,519.8262010039649,83.84631729170451,North-South,Tilted,103.96524020079299
26.146901418876695,-673.6490629069436,36.976027677310114,East-West,Tilted,-134.72981258138873
33.059555858568515,-633.3576350713448,61.663956696800014,North-South,Flat,-126.67152701426897
38.118044953458465,-50.70860987157042,83.22751395496965,East-West,Tilted,-10.141721974314084
13.767154445366291,1308.0976358502014,70.70515911744229,North-South,Flat,261.61952717004027
31.178378546530972,-231.81058128262754,72.3467923290493,East-West,Flat,-46.36211625652551
37.41952584224383,218.62400478165395,36.5181554812677,East-West,Tilted,43.724800956330796
13.768742101067762,482.4917296133402,61.23577364885577,North-South,Tilted,96.49834592266805
13.243398305804337,-124.58337617167896,14.802413581832194,North-South,Tilted,-24.916675234335795
39.372917771287945,922.6434985747061,40.64274515757668,East-West,Flat,184.52869971494124
24.839925310247892,1.4867048192443729e-13,12.831657540435062,East-West,Tilted,2.973409638488746e-14
37.14823725208878,-684.8786411722808,53.89169011305161,East-West,Flat,-136.97572823445617
37.024142683406154,211.9237129197746,84.43293828540243,North-South,Flat,42.384742583954925
32.66102844917441,386.3809313159264,87.97327765816695,East-West,Tilted,77.27618626318528
32.53077707873478,-504.4015783824693,62.34820119473467,North-South,Flat,-100.88031567649386
32.21800274777523,173.9337808032205,50.468699699244546,East-West,Flat,34.786756160644096
14.992589790912175,269.6862476033264,39.227544482842234,East-West,Tilted,53.93724952066529
38.26548600182031,335.69383825238754,83.61084467609194,North-South,Flat,67.1387676504775
16.104741933515633,-2.430099794834294e-14,58.313859943622916,East-West,Tilted,-4.860199589668588e-15
16.15081813587698,-1011.4920049394392,39.94250117726413,North-South,Tilted,-202.29840098788785
38.97351242348534,-395.23458608531183,47.086575719170874,North-South,Flat,-79.04691721706237
20.319489117666848,262.44394794877473,89.01470854153547,North-South,Tilted,52.48878958975495
27.05310043239876,1170.7126886338697,61.547472072079614,North-South,Flat,234.14253772677395
25.815851511260945,-1253.732927478252,43.89655588131247,North-South,Tilted,-250.74658549565038
10.913572926691234,-0.0,18.488656091504005,North-South,Flat,-0.0
34.819770481187504,702.106002607941,89.20638322693571,East-West,Flat,140.42120052158822
27.225025143453053,454.61745959730973,38.576873012674405,North-South,Flat,90.92349191946195
14.386041756351476,326.7290813108207,71.4767453178049,North-South,Tilted,65.34581626216413
16.883049319534166,-156.68096425090286,50.35953258471995,North-South,Flat,-31.336192850180574
28.40381584909377,-489.5308410287132,27.859713556444134,North-South,Tilted,-97.90616820574265
15.356721378330667,-661.5264328060761,82.45615717718827,East-West,Flat,-132.3052865612152
29.142241478374817,962.1495419060742,76.6978584822924,East-West,Flat,192.42990838121486
37.38715428946295,766.2243570835348,73.73204061751261,North-South,Tilted,153.24487141670696
32.5005446147852,0.0,70.56378712282009,East-West,Flat,0.0
30.658669552631576,-0.0,52.40167898145775,North-South,Flat,-0.0
17.752364255905746,-368.39826527744407,30.706442874998963,North-South,Tilted,-73.67965305548881
16.810119719423934,363.49569422880217,58.798340722974146,North-South,Flat,72.69913884576043
14.819954679412426,221.85540196961082,75.90275293702736,East-West,Tilted,44.37108039392217
12.807336000914802,-0.0,86.20715938969738,East-West,Flat,-0.0
33.12886573525941,349.51297249341627,24.22771317953549,East-West,Tilted,69.90259449868326
15.059183973125952,548.4531605184349,18.031842171789066,North-South,Flat,109.69063210368698
21.138720497128837,-1250.2827198873488,29.886118591944957,East-West,Flat,-250.05654397746977
31.746516282550846,-861.2849585782669,21.70377862329845,East-West,Flat,-172.25699171565338
25.647775677423937,1046.6819367745074,25.640107341188436,East-West,Flat,209.3363873549015
20.994658847548997,1145.7973921699224,30.96821209928228,East-West,Tilted,229.1594784339845
21.84230293374067,1.6663584456355418e-13,55.036317524794455,North-South,Flat,3.332716891271084e-14
21.50385155069212,45.25151288615573,84.9584507494854,East-West,Tilted,9.050302577231147
19.518752383268144,817.1432492077645,21.267543801135183,North-South,Flat,163.4286498415529
31.489819261205312,2.2880861005762792e-14,71.47394270468715,East-West,Tilted,4.576172201152559e-15
25.858161672451143,299.35038231984174,17.024751133648124,North-South,Tilted,59.87007646396835
15.079177277261394,1160.3604744830639,16.02076487227885,North-South,Tilted,232.07209489661278
26.7684893139421,-1.5806762517922722e-13,45.25979667072218,East-West,Flat,-3.161352503584545e-14
34.23686392136155,-961.9356822831826,86.3336035968619,East-West,Flat,-192.38713645663654
12.68601438217194,347.3029179828545,28.37292419452438,East-West,Tilted,69.46058359657091
38.92683076120785,-311.415185381128,12.797469693766255,East-West,Tilted,-62.28303707622561
35.57907773647405,0.0,75.48544391184323,North-South,Tilted,0.0
12.0735040690966,407.35960702425524,37.832100529416444,North-South,Flat,81.47192140485106
16.50602660693199,-766.224357083535,24.89405428311735,North-South,Flat,-153.244871416707
29.142835602923103,-292.78211424107025,53.235543471071296,North-South,Flat,-58.556422848214055
35.84205465676435,75.21332332266347,68.75764679756558,North-South,Tilted,15.042664664532694
28.883753745152024,741.0979403075918,84.37506306523278,East-West,Flat,148.21958806151835
39.47179593278222,537.3592453121541,68.04207526860989,East-West,Tilted,107.47184906243083
13.313738303049439,-1.6499643372752053e-13,61.70651025933984,North-South,Tilted,-3.299928674550411e-14
25.177705255040692,631.1921156756432,73.48028803767757,East-West,Flat,126.23842313512864
28.028692823577842,861.2849585782669,89.40156304706869,East-West,Tilted,172.25699171565338
37.0559323057829,-1314.6128758046518,39.314741456954614,North-South,Flat,-262.92257516093036
24.433294539304523,-817.7582375097944,15.678628752556483,East-West,Flat,-163.55164750195888
30.5035214957568,-1176.2056141795274,64.94253747257511,North-South,Flat,-235.2411228359055
39.4404474256943,935.561622350702,71.54763306717922,North-South,Tilted,187.1123244701404
27.158709538795858,-160.59437302987135,65.99918098113054,North-South,Flat,-32.11887460597427
13.756779290254869,-317.01360829497503,61.115665536690706,East-West,Tilted,-63.402721658995006
36.27251886722294,1011.4920049394392,11.741430810349618,East-West,Flat,202.29840098788785
13.775303528149887,1124.6680644632409,24.08123271870444,East-West,Flat,224.93361289264817
11.250257779294426,678.4285463752904,56.40400664802689,East-West,Flat,135.6857092750581
20.641127214593304,181.87772322239016,74.82035212880632,North-South,Flat,36.37554464447803
24.14827342445206,-39.33218901405292,31.563522810585482,North-South,Flat,-7.866437802810585
37.36284770330962,-611.5224634533491,46.99119337960256,North-South,Tilted,-122.30449269066983
14.739914074073202,-1311.1083922191046,20.223431792292264,East-West,Flat,-262.22167844382096
11.987481999637215,1128.952611225348,21.214727248290764,North-South,Flat,225.7905222450696
29.941189305760872,846.6056246280207,43.182144837405325,East-West,Tilted,169.32112492560415
38.95756345747614,1347.2981258138875,63.935898617961165,East-West,Tilted,269.4596251627775
33.01569992750534,1053.4893602726543,16.753126008590513,East-West,Flat,210.69787205453088
37.693374797096865,-1356.4527652874256,74.79551707630529,North-South,Tilted,-271.2905530574851
21.168807194151945,-901.6286834135793,16.23432408798445,North-South,Tilted,-180.32573668271587
11.01291201977832,-915.2704747829462,15.779280706556795,East-West,Flat,-183.05409495658924
33.495915466933155,572.3485069647916,68.06331467741398,North-South,Flat,114.46970139295831
39.06146799552533,-826.5873463117458,89.20748489200567,North-South,Tilted,-165.31746926234916
11.77425124221571,1.1027757244296979e-13,86.29877939433561,North-South,Flat,2.205551448859396e-14
15.063075550505882,1004.2271054629233,82.09171948316994,East-West,Tilted,200.84542109258467
12.705725329129473,606.9933062657234,77.12266850867158,North-South,Flat,121.39866125314468
35.253830237108524,-1177.3401394784164,26.572139487909503,East-West,Tilted,-235.4680278956833
11.214189700621247,60.33847602114522,57.03899505511164,North-South,Flat,12.067695204229045
28.0468458775604,1235.5583167693844,75.31053252109652,East-West,Tilted,247.1116633538769
16.43418587061564,-363.4956942288024,42.38907315740691,East-West,Flat,-72.69913884576049
11.520310903319173,74.47460626809988,60.945387095435635,East-West,Flat,14.894921253619977
17.849311128488296,962.1495419060742,76.04833925432243,North-South,Flat,192.42990838121486
13.638357606222693,9.207684058271065e-14,83.84056252697656,East-West,Tilted,1.8415368116542132e-14
25.821712004538718,680.4432862145488,79.99079366056955,North-South,Tilted,136.08865724290976
20.36481104473506,639.2662816918814,15.522496488409967,East-West,Flat,127.8532563383763
29.764362539582333,261.72500550964827,43.076392974238395,North-South,Flat,52.345001101929654
28.20630757263731,371.03611842691316,22.79974117624933,North-South,Flat,74.20722368538263
12.786851180243541,630.5043494741475,21.739777252657166,North-South,Tilted,126.1008698948295
30.00109948267541,-1.6202724569746555e-13,36.92374445337091,North-South,Tilted,-3.240544913949311e-14
30.183570512596056,-1.0591031615029515e-13,16.67727006476719,North-South,Flat,-2.1182063230059032e-14
39.43753379702815,-256.98863310404965,25.627953106565606,East-West,Tilted,-51.397726620809934
28.654422995621484,684.8786411722804,22.814994382608607,North-South,Flat,136.97572823445608
21.449936339536944,-968.2420262952876,11.82885463223493,North-South,Flat,-193.64840525905754
33.66821044097014,-1.4735144773902254e-13,55.988002899294756,North-South,Flat,-2.947028954780451e-14
23.913555363908138,864.8233615115316,45.60946703101396,East-West,Flat,172.96467230230633
38.25442958390245,128.0882760483276,41.161739321892846,East-West,Tilted,25.61765520966552
17.90364945765569,333.0888998569968,41.73968029122139,East-West,Tilted,66.61777997139937
36.66575726060781,654.0488179251004,22.157335948937362,North-South,Tilted,130.80976358502008
12.103427578284425,-886.3172832814759,68.67599943263886,North-South,Tilted,-177.26345665629518
14.25373751910163,-1239.3329015582285,32.35983642785017,East-West,Flat,-247.86658031164572
31.613801894670083,761.1842139596026,77.22569303913544,East-West,Flat,152.23684279192054
20.053564074207067,-336.83631899342924,43.0884113729033,East-West,Flat,-67.36726379868585
32.346257366426684,262.44394794877456,33.41261448189975,North-South,Tilted,52.488789589754916
15.87311580551961,-386.38093131592535,78.08559298549618,North-South,Tilted,-77.27618626318508
23.79687246486271,-606.9933062657228,21.58791394870385,East-West,Flat,-121.39866125314457
23.795964966960824,-214.33763278911863,37.32676679528321,North-South,Flat,-42.86752655782373
33.18250917288251,-1162.2172940908506,61.897502179451855,East-West,Tilted,-232.44345881817014
13.506171960891383,0.0,27.261636248310595,North-South,Flat,0.0
24.043039153945003,414.9977867572099,24.656358420449607,North-South,Tilted,82.99955735144198
21.434519664316046,-1079.9336546135194,29.250532225162054,North-South,Flat,-215.98673092270388
10.894107878839163,-754.2953961410201,65.49054453646393,East-West,Tilted,-150.85907922820402
37.976840719075355,489.53084102871344,77.24000701880502,North-South,Tilted,97.90616820574269
21.35962534680396,-1358.1652559377987,40.15900568648927,North-South,Tilted,-271.6330511875598
30.90210016773677,-1314.028578805544,82.36902451432398,North-South,Tilted,-262.8057157611088
10.699535183575655,-0.0,57.58418766224867,North-South,Tilted,-0.0
23.20911454372087,-491.7296513538767,62.72214255163105,North-South,Tilted,-98.34593027077534
39.42092181550987,414.06851011334385,33.83859153612054,North-South,Tilted,82.81370202266878
28.840992185359422,852.9306979479916,43.196270715865964,North-South,Flat,170.58613958959833
25.31417852320385,854.6417940375243,33.11747906013058,East-West,Tilted,170.92835880750488
29.360438636765384,850.8021087097228,28.22292541037161,North-South,Tilted,170.16042174194456
35.89611543578617,2.9962493094514566e-14,57.45763035662071,North-South,Flat,5.9924986189029135e-15
32.884928505242044,1299.7403260772542,39.16016334105113,North-South,Tilted,259.94806521545087
39.528948572195574,453.43087282241447,25.536740999719456,North-South,Flat,90.6861745644829
30.056876585886517,-667.7790530198307,17.12885752700254,North-South,Tilted,-133.55581060396614
21.037025111022366,-642.9261770541175,57.97419829936554,East-West,Tilted,-128.58523541082351
37.44848843749406,-680.4936983904772,51.02722552672595,East-West,Tilted,-136.09873967809546
33.81034207466253,-620.4890098650125,11.991409340909778,North-South,Flat,-124.0978019730025
16.386634172529178,-642.9261770541179,36.56953899336859,North-South,Flat,-128.5852354108236
33.38899550157012,-1275.270331359246,32.208571170521466,East-West,Flat,-255.05406627184922
15.015792548525765,-673.1393393794556,26.84208826274758,North-South,Flat,-134.62786787589113
15.965574864870755,-865.7798554428551,23.065284447787278,North-South,Tilted,-173.15597108857105
